<?xml version="1.0"?>

<markers>
<marker>
<name>VODAFONE</name>
<address>near Ghumaghumalu Restaurant, Marripalem, Visakhapatnam</address>
<lat>17.74033553</lat>
<lng>83.25067267</lng>
</marker>

<marker>
<name>VODAFONE</name>
<address>near Viswa Teja School, Thatichetlapalem, Visakhapatnam</address>
<lat>17.73254774</lat>
<lng>83.29195094</lng>
</marker>

<marker>
<name>VODAFONE</name>
<address>near Masjid, Marripalem, Visakhapatnam</address>
<lat>17.73995296</lat>
<lng>83.25317370</lng>
</marker>

<marker>
<name>VODAFONE</name>
<address>near Masjid, Sai Nagar, Visakhapatnam</address>
<lat>17.73985100</lat>
<lng>83.25417283</lng>
</marker>

<marker>
<name>VODAFONE</name>
<address>near Sai Baba Temple, Akkayya Palem, Visakhapatnam</address>
<lat>17.73420624</lat>
<lng>83.29552820</lng>
</marker>

<marker>
<name>VODAFONE</name>
<address>near Geological Survey of India, R &amp; B, Visakhapatnam</address>
<lat>17.74752536</lat>
<lng>83.24668705</lng>
</marker>

<marker>
<name>VODAFONE</name>
<address>near Amrutha Bar, Seethammadhara, Visakhapatnam</address>
<lat>17.74317304</lat>
<lng>83.31490250</lng>
</marker>

<marker>
<name>VODAFONE</name>
<address>near Rama Talkies, Vinayaka Nagar, Visakhapatnam</address>
<lat>17.72888953</lat>
<lng>83.31147518</lng>
</marker>

</markers>