<?xml version="1.0"?>
<markers>
	<marker>
		<name>the gibson hotel</name>
		<lat>53.34920000000001</lat>
		<lng>-6.2291</lng>
		<colour>red</colour>
	</marker>
	<marker>
		<name>RIA_public</name>
		<lat>53.3415547</lat>
		<lng>-6.2564016</lng>
		<colour>red</colour>
	</marker>
	<marker>
		<name>UPC1389307</name>
		<lat>53.355757</lat>
		<lng>-6.294149</lng>
		<colour>green</colour>
	</marker>
	<marker>
		<name>mmcdonagh</name>
		<lat>53.28092956999999</lat>
		<lng>-8.99839878</lng>
		<colour>red</colour>
	</marker>
	<marker>
		<name>UPC372804</name>
		<lat>53.2904129</lat>
		<lng>-6.28258657</lng>
		<colour>green</colour>
	</marker>
	<marker>
		<name>Kildare Village VIP Lounge</name>
		<lat>53.154183702500006</lat>
		<lng>-6.919087684166667</lng>
		<colour>red</colour>
	</marker>
	<marker>
		<name>Eurocycles</name>
		<lat>53.17510605</lat>
		<lng>-6.79991579</lng>
		<colour>red</colour>
	</marker>
	<marker>
		<name>Specsavers-Nutgrove</name>
		<lat>53.29047393999999</lat>
		<lng>-6.26791</lng>
		<colour>red</colour>
	</marker>
	<marker>
		<name>Radisson_Guest</name>
		<lat>53.27395751272726</lat>
		<lng>-9.042621525909087</lng>
		<colour>red</colour>
	</marker>
	<marker>
		<name>platform3</name>
		<lat>53.27358246</lat>
		<lng>-9.04704857</lng>
		<colour>red</colour>
	</marker>
	<marker>
		<name>Internet@Sea</name>
		<lat>53.34209187666667</lat>
		<lng>-6.135466256666668</lng>
		<colour>red</colour>
	</marker>
	<marker>
		<name>UPC1378801</name>
		<lat>53.34389877</lat>
		<lng>-6.29702854</lng>
		<colour>green</colour>
	</marker>
	<marker>
		<name>UPC542688</name>
		<lat>53.34475327</lat>
		<lng>-6.29681301</lng>
		<colour>green</colour>
	</marker>
	<marker>
		<name>Holahan Home Router</name>
		<lat>53.16141890999999</lat>
		<lng>-6.917459960000001</lng>
		<colour>red</colour>
	</marker>
	<marker>
		<name>UCD Wireless</name>
		<lat>53.306688</lat>
		<lng>-6.220993</lng>
		<colour>red</colour>
	</marker>
	<marker>
		<name>_The Vox Free Wi-Fi</name>
		<lat>52.474427</lat>
		<lng>-6.294149</lng>
		<colour>red</colour>
	</marker>
	<marker>
		<name>Meyrick Free WiFi</name>
		<lat>53.27353287</lat>
		<lng>-9.04807377</lng>
		<colour>red</colour>
	</marker>
	<marker>
		<name>eircom73623170</name>
		<lat>53.21310425000001</lat>
		<lng>-6.70663118</lng>
		<colour>green</colour>
	</marker>
</markers>
