{"city": {"id": 2950159, "name": "Berlin", "coord": {"lon": 13.3889, "lat": 52.517}, "country": "DE", "population": 1000000}, "cod": "200", "message": 0.4599351, "cnt": 16, "list": [{"dt": 1552215600, "temp": {"day": 278.92, "min": 275.5, "max": 278.92, "night": 276.22, "eve": 276.75, "morn": 278.92}, "pressure": 994.59, "humidity": 99, "weather": [{"id": 600, "main": "Snow", "description": "light snow", "icon": "13d"}], "speed": 3.04, "deg": 95, "clouds": 92, "rain": 14.57, "snow": 1}, {"dt": 1552302000, "temp": {"day": 276.73, "min": 274.36, "max": 278.09, "night": 274.9, "eve": 275.96, "morn": 274.36}, "pressure": 1008.8, "humidity": 100, "weather": [{"id": 600, "main": "Snow", "description": "light snow", "icon": "13d"}], "speed": 5.26, "deg": 277, "clouds": 80, "rain": 3.84, "snow": 0.92}, {"dt": 1552388400, "temp": {"day": 279.85, "min": 275.66, "max": 279.85, "night": 278.51, "eve": 278.23, "morn": 275.66}, "pressure": 1014.05, "humidity": 98, "weather": [{"id": 501, "main": "Rain", "description": "moderate rain", "icon": "10d"}], "speed": 7.47, "deg": 221, "clouds": 32, "rain": 4.6}, {"dt": 1552474800, "temp": {"day": 280.49, "min": 277.74, "max": 280.54, "night": 277.82, "eve": 278.9, "morn": 277.74}, "pressure": 999.88, "humidity": 93, "weather": [{"id": 500, "main": "Rain", "description": "light rain", "icon": "10d"}], "speed": 8.23, "deg": 232, "clouds": 64, "rain": 1.32}, {"dt": 1552561200, "temp": {"day": 277.7, "min": 273.26, "max": 277.7, "night": 274.22, "eve": 275.41, "morn": 273.26}, "pressure": 1006.34, "humidity": 0, "weather": [{"id": 600, "main": "Snow", "description": "light snow", "icon": "13d"}], "speed": 7.02, "deg": 303, "clouds": 50, "rain": 4.09, "snow": 0.07}, {"dt": 1552647600, "temp": {"day": 278.26, "min": 270.95, "max": 279.46, "night": 279.46, "eve": 276.93, "morn": 270.95}, "pressure": 1011.66, "humidity": 0, "weather": [{"id": 500, "main": "Rain", "description": "light rain", "icon": "10d"}], "speed": 2.26, "deg": 306, "clouds": 11, "rain": 1.18}, {"dt": 1552734000, "temp": {"day": 283.66, "min": 279.23, "max": 283.66, "night": 279.23, "eve": 281.24, "morn": 283.03}, "pressure": 995.7, "humidity": 0, "weather": [{"id": 502, "main": "Rain", "description": "heavy intensity rain", "icon": "10d"}], "speed": 2.46, "deg": 267, "clouds": 100, "rain": 16.88}, {"dt": 1552820400, "temp": {"day": 281.63, "min": 277.89, "max": 281.63, "night": 277.89, "eve": 279.39, "morn": 278.26}, "pressure": 997.32, "humidity": 0, "weather": [{"id": 501, "main": "Rain", "description": "moderate rain", "icon": "10d"}], "speed": 6.46, "deg": 209, "clouds": 63, "rain": 4.9}, {"dt": 1552906800, "temp": {"day": 278.82, "min": 276.01, "max": 278.82, "night": 276.01, "eve": 277.97, "morn": 277.57}, "pressure": 995.56, "humidity": 0, "weather": [{"id": 501, "main": "Rain", "description": "moderate rain", "icon": "10d"}], "speed": 2.95, "deg": 316, "clouds": 77, "rain": 6.85}, {"dt": 1552993200, "temp": {"day": 279.98, "min": 276.08, "max": 279.98, "night": 276.34, "eve": 278.2, "morn": 276.08}, "pressure": 988.96, "humidity": 0, "weather": [{"id": 501, "main": "Rain", "description": "moderate rain", "icon": "10d"}], "speed": 2.75, "deg": 159, "clouds": 97, "rain": 7.6}, {"dt": 1553079600, "temp": {"day": 279.7, "min": 273.69, "max": 279.7, "night": 274.07, "eve": 277.72, "morn": 273.69}, "pressure": 999.72, "humidity": 0, "weather": [{"id": 500, "main": "Rain", "description": "light rain", "icon": "10d"}], "speed": 3.8, "deg": 303, "clouds": 55, "rain": 0.63}, {"dt": 1553166000, "temp": {"day": 277.42, "min": 274.25, "max": 277.42, "night": 274.25, "eve": 275.79, "morn": 274.48}, "pressure": 1017.84, "humidity": 0, "weather": [{"id": 600, "main": "Snow", "description": "light snow", "icon": "13d"}], "speed": 6.54, "deg": 295, "clouds": 64, "rain": 0.47, "snow": 0.06}, {"dt": 1553252400, "temp": {"day": 281.81, "min": 276.61, "max": 283.01, "night": 280.48, "eve": 283.01, "morn": 276.61}, "pressure": 1010.6, "humidity": 0, "weather": [{"id": 500, "main": "Rain", "description": "light rain", "icon": "10d"}], "speed": 7.72, "deg": 205, "clouds": 63, "rain": 0.42}, {"dt": 1553338800, "temp": {"day": 284.88, "min": 279.95, "max": 284.88, "night": 280.52, "eve": 282.37, "morn": 279.95}, "pressure": 1011.21, "humidity": 0, "weather": [{"id": 500, "main": "Rain", "description": "light rain", "icon": "10d"}], "speed": 6.11, "deg": 230, "clouds": 91, "rain": 1.7}, {"dt": 1553425200, "temp": {"day": 282.39, "min": 278.57, "max": 283.68, "night": 281.34, "eve": 283.68, "morn": 278.57}, "pressure": 1000.52, "humidity": 0, "weather": [{"id": 500, "main": "Rain", "description": "light rain", "icon": "10d"}], "speed": 6.31, "deg": 193, "clouds": 84, "rain": 2.6}, {"dt": 1553511600, "temp": {"day": 281.34, "min": 281.34, "max": 281.34, "night": 281.34, "eve": 281.34, "morn": 281.34}, "pressure": 998.21, "humidity": 0, "weather": [{"id": 500, "main": "Rain", "description": "light rain", "icon": "10d"}], "speed": 5.08, "deg": 240, "clouds": 99, "rain": 1.68}]}